codigo,nombre,categoria,marca,precio
TOCA CD PIONEER  DEH-S5250BT BLUETOOTH,TOCA CD PIONEER  DEH-S5250BT BLUETOOTH,Automotivo,PIONEER,U$ 116.00
ALTO FALANTE PIONNER  TSF-1634 - 6 POLEGADAS - 200W - 2 VIAS,ALTO FALANTE PIONNER  TSF-1634 - 6 POLEGADAS - 200W - 2 VIAS,Alto Falantes,PIONEER,U$ 22.00
RADIO AUTOMOTIVO ECOPOWER EP-603 - SD- USB - BLUETOOTH,RADIO AUTOMOTIVO ECOPOWER EP-603 - SD- USB - BLUETOOTH,Automotivo,ECOPOWER,U$ 12.00
ALTO FALANTE PIONEER - TS-G1610F - 6 POLEGADAS - 280W - 2 VIAS,ALTO FALANTE PIONEER - TS-G1610F - 6 POLEGADAS - 280W - 2 VIAS,Alto Falantes,PIONEER,U$ 22.00
ALTO FALANTE PIONEER TS-G1620F - 300W - 6 POLEGADAS - 2 VIAS,ALTO FALANTE PIONEER TS-G1620F - 300W - 6 POLEGADAS - 2 VIAS,Alto Falantes,PIONEER,U$ 28.00
RADIO CAR ECOPOWER EP-602 BLUETOOTH/USB/SD/FM,RADIO CAR ECOPOWER EP-602 BLUETOOTH/USB/SD/FM,Automotivo,ECOPOWER,U$ 12.00
RADIO CAR ECOPOWER EP-605 - BLUETOOTH - USB - SD - RADIO FM,RADIO CAR ECOPOWER EP-605 - BLUETOOTH - USB - SD - RADIO FM,Automotivo,ECOPOWER,U$ 12.00
ALTO FALANTE ECOPOWER EP-6103 - 4 POLEGADAS - 600W,ALTO FALANTE ECOPOWER EP-6103 - 4 POLEGADAS - 600W,Automotivo,ECOPOWER,U$ 10.00
ALTO FALANTE PIONEER TS-G1310F - 5 POLEGADAS - 230W - 2 VIAS,ALTO FALANTE PIONEER TS-G1310F - 5 POLEGADAS - 230W - 2 VIAS,Alto Falantes,PIONEER,U$ 19.00
ALTO FALANTE PIONEER - TS-G1010F - 190W - 2 VIAS - 4 POLEGADAS,ALTO FALANTE PIONEER - TS-G1010F - 190W - 2 VIAS - 4 POLEGADAS,Alto Falantes,PIONEER,U$ 18.00
ALTO FALANTE PIONEER TS-A250S4 - 1300W - BOBINA SIMPLES - 10 POLEGADAS,ALTO FALANTE PIONEER TS-A250S4 - 1300W - BOBINA SIMPLES - 10 POLEGADAS,Alto Falantes,PIONEER,U$ 51.00
TOCA CD PIONEER - DEH-S4250BT - BLUETOOTH - USB - 2 RCA - CONTROLE - MIXTRAX,TOCA CD PIONEER - DEH-S4250BT - BLUETOOTH - USB - 2 RCA - CONTROLE - MIXTRAX,Automotivo,PIONEER,U$ 100.00
ALTO FALANTE PIONEER TS-A250D4 - 1300W - BOBINA DUPLA,ALTO FALANTE PIONEER TS-A250D4 - 1300W - BOBINA DUPLA,Alto Falantes,PIONEER,U$ 52.00
RADIO CAR ECOPOWER EP-621 BLT/USB/SD/FM,RADIO CAR ECOPOWER EP-621 BLT/USB/SD/FM,Automotivo,ECOPOWER,U$ 12.00
"ALTO FALANTE JBL  6""5   CLUB6520  50WRMS KIT 2VIA","ALTO FALANTE JBL  6""5   CLUB6520  50WRMS KIT 2VIA",Alto Falantes,JBL,U$ 43.75
"ALTO FALANTE JBL STAGE3 627F - 6""5 - 45WRMS","ALTO FALANTE JBL STAGE3 627F - 6""5 - 45WRMS",Alto Falantes,JBL,U$ 33.00
"ALTO FALANTE PIO 12""  TS-W312D4  1600W BOB.DUPLA","ALTO FALANTE PIO 12""  TS-W312D4  1600W BOB.DUPLA",Alto Falantes,PIONEER,U$ 68.00
"ALTO FALANTE  JBL  6""5   GE2634    40WRMS    3VIAS","ALTO FALANTE  JBL  6""5   GE2634    40WRMS    3VIAS",Alto Falantes,JBL,U$ 29.50
"ALTO FALANTE PIONEER  4""  TS-G1020F   210W 2 VIAS","ALTO FALANTE PIONEER  4""  TS-G1020F   210W 2 VIAS",Alto Falantes,PIONEER,U$ 23.00
"ALTO FALANTE  JBL  6""  STAGE1 601C  40WRMS","ALTO FALANTE  JBL  6""  STAGE1 601C  40WRMS",Alto Falantes,JBL,U$ 37.00
"ALTO FALANTE JBL  6""5 STAGE2 604C 45WRMS    2VIAS","ALTO FALANTE JBL  6""5 STAGE2 604C 45WRMS    2VIAS",Automotivo,JBL,U$ 42.00
"ALTO FALANTE  JBL  6""5 STAGE3 637F 45WRMS    3VIAS","ALTO FALANTE  JBL  6""5 STAGE3 637F 45WRMS    3VIAS",Alto Falantes,JBL,U$ 42.50
"ALTO FALANTE  JBL  6""5  GTO 609C KIT 90WRMS    2VIAS","ALTO FALANTE  JBL  6""5  GTO 609C KIT 90WRMS    2VIAS",Alto Falantes,JBL,U$ 90.00
"ALTO FALATE JBL  5""  STAGE2 524  210W/35RM","ALTO FALATE JBL  5""  STAGE2 524  210W/35RM",Alto Falantes,JBL,U$ 27.00
"ALTO FALANTE ECOPOWER EP-6101  6""","ALTO FALANTE ECOPOWER EP-6101  6""",Automotivo,ECOPOWER,U$ 16.00
RADIO CAR ECOPOWER EP-633 BLT/USB/SD/FM,RADIO CAR ECOPOWER EP-633 BLT/USB/SD/FM,Automotivo,ECOPOWER,U$ 12.00
RADIO CAR ECOPOWER EP-635 BLT/USB/SD/FM,RADIO CAR ECOPOWER EP-635 BLT/USB/SD/FM,Automotivo,ECOPOWER,U$ 12.00
"ALTO FALANTE JBL  6""  STAGE1 621  35W RMS 2 VIAS","ALTO FALANTE JBL  6""  STAGE1 621  35W RMS 2 VIAS",Automotivo,JBL,U$ 29.00
ALTO FALANTE  JBL  6X9 STAGE1 9631 60WRMS  3VIAS,ALTO FALANTE  JBL  6X9 STAGE1 9631 60WRMS  3VIAS,Alto Falantes,JBL,U$ 39.00
TOCA CD PIONEER DEH-X5000BT BLUETOOTH / SMART SYNC / USB,TOCA CD PIONEER DEH-X5000BT BLUETOOTH / SMART SYNC / USB,Automotivo,PIONEER,U$ 110.00
"ALTO FALANTE PIONEER 6"" TS-R1651S-2 300W 3 VIAS","ALTO FALANTE PIONEER 6"" TS-R1651S-2 300W 3 VIAS",Alto Falantes,PIONEER,U$ 32.00
"ALTO FALANTE JBL 6.5"" GTO 629C KIT 60WRMS/180W 2VIAS","ALTO FALANTE JBL 6.5"" GTO 629C KIT 60WRMS/180W 2VIAS",Alto Falantes,JBL,U$ 78.00
"ALTO FALANTE JBL 4"" STAGE3 427F 150W/30WRMS 2VIAS","ALTO FALANTE JBL 4"" STAGE3 427F 150W/30WRMS 2VIAS",Alto Falantes,JBL,U$ 28.00
"ALTO FALANTE JBL 6.5"" SHOCKWAVE 100W65 100WRMS CONE SECO","ALTO FALANTE JBL 6.5"" SHOCKWAVE 100W65 100WRMS CONE SECO",Alto Falantes,JBL,U$ 53.00
"ALTO FALANTE PIONEER 6.5"" TS-A1678S/320W/3VIAS","ALTO FALANTE PIONEER 6.5"" TS-A1678S/320W/3VIAS",Alto Falantes,PIONEER,U$ 43.00
"ALTO-FALANTE PIONEER 6.5"" TS-A1688S/350W/4VIAS","ALTO-FALANTE PIONEER 6.5"" TS-A1688S/350W/4VIAS",Alto Falantes,PIONEER,U$ 54.00
"ALTO FALANTE PIONEER 6x9"" TS-A6968S 450W/4VIAS","ALTO FALANTE PIONEER 6x9"" TS-A6968S 450W/4VIAS",Alto Falantes,PIONEER,U$ 43.00
"ALTO FALANTE PIONEER 6X9"" TS-A6978S 650W/4VIAS","ALTO FALANTE PIONEER 6X9"" TS-A6978S 650W/4VIAS",Alto Falantes,PIONEER,U$ 53.00
"ALTO-FALANTE PIONEER 6X9"" TS-A6998S/750W/5-VIAS","ALTO-FALANTE PIONEER 6X9"" TS-A6998S/750W/5-VIAS",Alto Falantes,PIONEER,U$ 80.00
"ALTO FALANTE JBL STAGE 82 CAR SUBWOOFERS 8"" 800W /200WRM","ALTO FALANTE JBL STAGE 82 CAR SUBWOOFERS 8"" 800W /200WRM",Alto Falantes,JBL,U$ 48.00
"CX JBL JBL BASSPRO SUB 8"" BOX  AMPLIFICADOR 100W","CX JBL JBL BASSPRO SUB 8"" BOX  AMPLIFICADOR 100W",Automotivo,JBL,U$ 146.00
"ALTO FALANTE JBL SUB 10"" 10MG600 CONE SECO / 300WRM","ALTO FALANTE JBL SUB 10"" 10MG600 CONE SECO / 300WRM",Alto Falantes,JBL,U$ 48.00
ALTO FALANTE JBL STAGE2 9634 - 6X9 - 70WRMS - 3 VIAS,ALTO FALANTE JBL STAGE2 9634 - 6X9 - 70WRMS - 3 VIAS,Alto Falantes,JBL,U$ 46.00
"ALTO FALANTE JBL STAGE1210D - SUB 12"" - 1000W - 250RMS","ALTO FALANTE JBL STAGE1210D - SUB 12"" - 1000W - 250RMS",Alto Falantes,JBL,U$ 48.00
"ALTO FALANTE JBL CLUB64FSL - 6""5 - 55WRMS - 165W","ALTO FALANTE JBL CLUB64FSL - 6""5 - 55WRMS - 165W",Alto Falantes,JBL,U$ 46.00
"ALTO FALANTE JBL STAGE142F 4"" - 320W - 40RMS - 2 VIAS","ALTO FALANTE JBL STAGE142F 4"" - 320W - 40RMS - 2 VIAS",Alto Falantes,JBL,U$ 26.00
"ALTO FALANTE JBL STAGE152F 5"" - 320W - 40RMS - 2 VIAS","ALTO FALANTE JBL STAGE152F 5"" - 320W - 40RMS - 2 VIAS",Alto Falantes,JBL,U$ 30.00
"ALTO FALANTE JBL STAGE162CF 6""5 - 80WRMS - 2 VIAS","ALTO FALANTE JBL STAGE162CF 6""5 - 80WRMS - 2 VIAS",Alto Falantes,JBL,U$ 45.00
"ALTO FALANTE JBL STAGE265M 6""5 - 50WRMS - 2 VIAS","ALTO FALANTE JBL STAGE265M 6""5 - 50WRMS - 2 VIAS",Alto Falantes,JBL,U$ 43.00
"ALTO FALANTE JBL STAGE2 65C - 6""5 - 90WRMS - 2 VIAS","ALTO FALANTE JBL STAGE2 65C - 6""5 - 90WRMS - 2 VIAS",Alto Falantes,JBL,U$ 53.00
"ALTO FALANTE PIONEER TS-W3004D4 PRO 12"" - 2400W","ALTO FALANTE PIONEER TS-W3004D4 PRO 12"" - 2400W",Alto Falantes,PIONEER,U$ 125.00
ALTO FALANTE PIONEER TS-G6930F - 6X9 - 400W  3 VIAS,ALTO FALANTE PIONEER TS-G6930F - 6X9 - 400W  3 VIAS,Alto Falantes,PIONEER,U$ 40.00
